<?xml version="1.0" encoding="UTF-8" standalone="yes"?>
<addon id="repository.DragonVip" name="DragonVipRepo" version="1.3.4" provider-name="DragonVipRepo">
	<extension point="xbmc.addon.repository" name="DragonVIPRepo">
		<info compressed="false">http://ngarba.xyz/VIPDragonRepo_NEW/zips/addons.xml</info>
		<checksum>http://ngarba.xyz/VIPDragonRepo_NEW/zips/addons.xml.md5</checksum>
		<datadir zip="true">http://ngarba.xyz/VIPDragonRepo_NEW/zips/</datadir>
	</extension>
	<extension point="xbmc.addon.metadata">
		<summary>DragonVipRepo</summary>
		<description>DragonVipRepo</description>
		<platform>all</platform>
	</extension>
</addon>